Date,Type,Count
2020-03-29,Confirmed,115
2020-03-29,Recovered,10
2020-03-29,Deaths,1
2020-03-29,Active,104
2020-03-30,Confirmed,120
2020-03-30,Recovered,11
2020-03-30,Deaths,1
2020-03-30,Active,108
2020-03-31,Confirmed,122
2020-03-31,Recovered,16
2020-03-31,Deaths,2
2020-03-31,Active,104
2020-04-01,Confirmed,143
2020-04-01,Recovered,18
2020-04-01,Deaths,2
2020-04-01,Active,123
2020-04-02,Confirmed,148
2020-04-02,Recovered,21
2020-04-02,Deaths,3
2020-04-02,Active,124
2020-04-03,Confirmed,151
2020-04-03,Recovered,22
2020-04-03,Deaths,4
2020-04-03,Active,125
2020-04-04,Confirmed,159
2020-04-04,Recovered,25
2020-04-04,Deaths,5
2020-04-04,Active,129
2020-04-05,Confirmed,166
2020-04-05,Recovered,29
2020-04-05,Deaths,5
2020-04-05,Active,132
2020-04-06,Confirmed,176
2020-04-06,Recovered,34
2020-04-06,Deaths,5
2020-04-06,Active,137
2020-04-07,Confirmed,180
2020-04-07,Recovered,42
2020-04-07,Deaths,6
2020-04-07,Active,132
2020-04-08,Confirmed,186
2020-04-08,Recovered,42
2020-04-08,Deaths,6
2020-04-08,Active,138
2020-04-09,Confirmed,189
2020-04-09,Recovered,47
2020-04-09,Deaths,7
2020-04-09,Active,135
2020-04-10,Confirmed,190
2020-04-10,Recovered,50
2020-04-10,Deaths,7
2020-04-10,Active,133
2020-04-11,Confirmed,197
2020-04-11,Recovered,54
2020-04-11,Deaths,7
2020-04-11,Active,136
2020-04-12,Confirmed,199
2020-04-12,Recovered,55
2020-04-12,Deaths,7
2020-04-12,Active,137
2020-04-13,Confirmed,210
2020-04-13,Recovered,56
2020-04-13,Deaths,7
2020-04-13,Active,147
2020-04-14,Confirmed,218
2020-04-14,Recovered,59
2020-04-14,Deaths,7
2020-04-14,Active,152
2020-04-15,Confirmed,233
2020-04-15,Recovered,63
2020-04-15,Deaths,7
2020-04-15,Active,163
2020-04-16,Confirmed,238
2020-04-16,Recovered,65
2020-04-16,Deaths,7
2020-04-16,Active,166
2020-04-17,Confirmed,238
2020-04-17,Recovered,70
2020-04-17,Deaths,7
2020-04-17,Active,161
2020-04-18,Confirmed,244
2020-04-18,Recovered,77
2020-04-18,Deaths,7
2020-04-18,Active,160
2020-04-19,Confirmed,254
2020-04-19,Recovered,91
2020-04-19,Deaths,7
2020-04-19,Active,156
2020-04-20,Confirmed,271
2020-04-20,Recovered,97
2020-04-20,Deaths,7
2020-04-20,Active,167
2020-04-21,Confirmed,304
2020-04-21,Recovered,100
2020-04-21,Deaths,7
2020-04-21,Active,197
2020-04-22,Confirmed,310
2020-04-22,Recovered,104
2020-04-22,Deaths,7
2020-04-22,Active,199
2020-04-23,Confirmed,330
2020-04-23,Recovered,105
2020-04-23,Deaths,7
2020-04-23,Active,218
2020-04-24,Confirmed,368
2020-04-24,Recovered,107
2020-04-24,Deaths,7
2020-04-24,Active,254
2020-04-25,Confirmed,420
2020-04-25,Recovered,116
2020-04-25,Deaths,7
2020-04-25,Active,297
2020-04-26,Confirmed,460
2020-04-26,Recovered,120
2020-04-26,Deaths,7
2020-04-26,Active,333
2020-04-27,Confirmed,523
2020-04-27,Recovered,126
2020-04-27,Deaths,7
2020-04-27,Active,390
2020-04-28,Confirmed,588
2020-04-28,Recovered,134
2020-04-28,Deaths,7
2020-04-28,Active,447
2020-04-29,Confirmed,619
2020-04-29,Recovered,134
2020-04-29,Deaths,7
2020-04-29,Active,478
2020-04-30,Confirmed,649
2020-04-30,Recovered,139
2020-04-30,Deaths,7
2020-04-30,Active,503
2020-05-01,Confirmed,665
2020-05-01,Recovered,157
2020-05-01,Deaths,7
2020-05-01,Active,501
2020-05-02,Confirmed,690
2020-05-02,Recovered,172
2020-05-02,Deaths,7
2020-05-02,Active,511
2020-05-03,Confirmed,705
2020-05-03,Recovered,182
2020-05-03,Deaths,7
2020-05-03,Active,516
2020-05-04,Confirmed,718
2020-05-04,Recovered,187
2020-05-04,Deaths,7
2020-05-04,Active,523
2020-05-05,Confirmed,755
2020-05-05,Recovered,197
2020-05-05,Deaths,8
2020-05-05,Active,550
2020-05-06,Confirmed,771
2020-05-06,Recovered,215
2020-05-06,Deaths,9
2020-05-06,Active,547
2020-05-07,Confirmed,797
2020-05-07,Recovered,232
2020-05-07,Deaths,9
2020-05-07,Active,556
2020-05-08,Confirmed,824
2020-05-08,Recovered,240
2020-05-08,Deaths,9
2020-05-08,Active,575
2020-05-09,Confirmed,835
2020-05-09,Recovered,255
2020-05-09,Deaths,9
2020-05-09,Active,571
2020-05-10,Confirmed,847
2020-05-10,Recovered,321
2020-05-10,Deaths,9
2020-05-10,Active,517
2020-05-11,Confirmed,863
2020-05-11,Recovered,343
2020-05-11,Deaths,9
2020-05-11,Active,511
2020-05-12,Confirmed,869
2020-05-12,Recovered,366
2020-05-12,Deaths,9
2020-05-12,Active,494
2020-05-13,Confirmed,889
2020-05-13,Recovered,382
2020-05-13,Deaths,9
2020-05-13,Active,498
2020-05-14,Confirmed,915
2020-05-14,Recovered,445
2020-05-14,Deaths,9
2020-05-14,Active,461
2020-05-15,Confirmed,925
2020-05-15,Recovered,477
2020-05-15,Deaths,9
2020-05-15,Active,439
2020-05-16,Confirmed,935
2020-05-16,Recovered,520
2020-05-16,Deaths,9
2020-05-16,Active,406
2020-05-17,Confirmed,960
2020-05-17,Recovered,538
2020-05-17,Deaths,9
2020-05-17,Active,413
2020-05-18,Confirmed,981
2020-05-18,Recovered,559
2020-05-18,Deaths,9
2020-05-18,Active,413
2020-05-19,Confirmed,992
2020-05-19,Recovered,569
2020-05-19,Deaths,9
2020-05-19,Active,414
2020-05-20,Confirmed,1027
2020-05-20,Recovered,584
2020-05-20,Deaths,9
2020-05-20,Active,434
2020-05-21,Confirmed,1028
2020-05-21,Recovered,604
2020-05-21,Deaths,9
2020-05-21,Active,415
2020-05-22,Confirmed,1055
2020-05-22,Recovered,620
2020-05-22,Deaths,9
2020-05-22,Active,426
2020-05-23,Confirmed,1068
2020-05-23,Recovered,660
2020-05-23,Deaths,9
2020-05-23,Active,399
2020-05-24,Confirmed,1089
2020-05-24,Recovered,674
2020-05-24,Deaths,9
2020-05-24,Active,406
2020-05-25,Confirmed,1141
2020-05-25,Recovered,695
2020-05-25,Deaths,9
2020-05-25,Active,437
2020-05-26,Confirmed,1182
2020-05-26,Recovered,712
2020-05-26,Deaths,10
2020-05-26,Active,76
2020-05-27,Confirmed,1319
2020-05-27,Recovered,732
2020-05-27,Deaths,10
2020-05-27,Active,577
2020-05-28,Confirmed,1469
2020-05-28,Recovered,745
2020-05-28,Deaths,10
2020-05-28,Active,714
2020-05-29,Confirmed,1530
2020-05-29,Recovered,754
2020-05-29,Deaths,10
2020-05-29,Active,766
2020-05-30,Confirmed,1558
2020-05-30,Recovered,781
2020-05-30,Deaths,10
2020-05-30,Active,767
2020-05-31,Confirmed,1620
2020-05-31,Recovered,801
2020-05-31,Deaths,10
2020-05-31,Active,809
2020-06-01,Confirmed,1633
2020-06-01,Recovered,811
2020-06-01,Deaths,11
2020-06-01,Active,811
2020-06-02,Confirmed,1643
2020-06-02,Recovered,823
2020-06-02,Deaths,11
2020-06-02,Active,809
2020-06-03,Confirmed,1683
2020-06-03,Recovered,836
2020-06-03,Deaths,11
2020-06-03,Active,836
2020-06-04,Confirmed,1749
2020-06-04,Recovered,839
2020-06-04,Deaths,11
2020-06-04,Active,899
2020-06-05,Confirmed,1797
2020-06-05,Recovered,858
2020-06-05,Deaths,11
2020-06-05,Active,928
2020-06-06,Confirmed,1801
2020-06-06,Recovered,891
2020-06-06,Deaths,11
2020-06-06,Active,899
2020-06-07,Confirmed,1814
2020-06-07,Recovered,941
2020-06-07,Deaths,11
2020-06-07,Active,862
2020-06-08,Confirmed,1835
2020-06-08,Recovered,990
2020-06-08,Deaths,11
2020-06-08,Active,834
2020-06-09,Confirmed,1857
2020-06-09,Recovered,1057
2020-06-09,Deaths,11
2020-06-09,Active,789
2020-06-10,Confirmed,1859
2020-06-10,Recovered,1122
2020-06-10,Deaths,11
2020-06-10,Active,726
2020-06-11,Confirmed,1869
2020-06-11,Recovered,1150
2020-06-11,Deaths,11
2020-06-11,Active,708
2020-06-12,Confirmed,1877
2020-06-12,Recovered,1196
2020-06-12,Deaths,11
2020-06-12,Active,670
2020-06-13,Confirmed,1880
2020-06-13,Recovered,1252
2020-06-13,Deaths,11
2020-06-13,Active,617
2020-06-14,Confirmed,1884
2020-06-14,Recovered,1287
2020-06-14,Deaths,11
2020-06-14,Active,586
2020-06-15,Confirmed,1889
2020-06-15,Recovered,1342
2020-06-15,Deaths,11
2020-06-15,Active,536
2020-06-16,Confirmed,1905
2020-06-16,Recovered,1371
2020-06-16,Deaths,11
2020-06-16,Active,523
2020-06-18,Confirmed,1924
2020-06-18,Recovered,1421
2020-06-18,Deaths,11
2020-06-18,Active,492
2020-06-19,Confirmed,1947
2020-06-19,Recovered,1446
2020-06-19,Deaths,11
2020-06-19,Active,490
2020-06-20,Confirmed,1950
2020-06-20,Recovered,1472
2020-06-20,Deaths,11
2020-06-20,Active,467
2020-06-21,Confirmed,1950
2020-06-21,Recovered,1498
2020-06-21,Deaths,11
2020-06-21,Active,441
2020-06-22,Confirmed,1950
2020-06-22,Recovered,1526
2020-06-22,Deaths,11
2020-06-22,Active,413
2020-06-23,Confirmed,1951
2020-06-23,Recovered,1548
2020-06-23,Deaths,11
2020-06-23,Active,392
2020-06-24,Confirmed,1991
2020-06-24,Recovered,1562
2020-06-24,Deaths,11
2020-06-24,Active,418
2020-06-25,Confirmed,2001
2020-06-25,Recovered,1602
2020-06-25,Deaths,11
2020-06-25,Active,388
2020-06-26,Confirmed,2010
2020-06-26,Recovered,1619
2020-06-26,Deaths,11
2020-06-26,Active,380
2020-06-27,Confirmed,2014
2020-06-27,Recovered,1639
2020-06-27,Deaths,11
2020-06-27,Active,364
2020-06-28,Confirmed,2033
2020-06-28,Recovered,1661
2020-06-28,Deaths,11
2020-06-28,Active,361
2020-06-29,Confirmed,2037
2020-06-29,Recovered,1678
2020-06-29,Deaths,11
2020-06-29,Active,348
2020-06-30,Confirmed,2042
2020-06-30,Recovered,1711
2020-06-30,Deaths,11
2020-06-30,Active,320
2020-07-01,Confirmed,2047
2020-07-01,Recovered,1748
2020-07-01,Deaths,11
2020-07-01,Active,288
2020-07-02,Confirmed,2054
2020-07-02,Recovered,1827
2020-07-02,Deaths,11
2020-07-02,Active,216
2020-07-03,Confirmed,2066
2020-07-03,Recovered,1863
2020-07-03,Deaths,11
2020-07-03,Active,192
2020-07-04,Confirmed,2069
2020-07-04,Recovered,1885
2020-07-04,Deaths,11
2020-07-04,Active,173
2020-07-05,Confirmed,2074
2020-07-05,Recovered,1903
2020-07-05,Deaths,11
2020-07-05,Active,160
2020-07-06,Confirmed,2076
2020-07-06,Recovered,1917
2020-07-06,Deaths,11
2020-07-06,Active,148
2020-07-07,Confirmed,2077
2020-07-07,Recovered,1955
2020-07-07,Deaths,9
2020-07-07,Active,111
2020-07-08,Confirmed,2081
2020-07-08,Recovered,1967
2020-07-08,Deaths,11
2020-07-08,Active,103
2020-07-09,Confirmed,2094
2020-07-09,Recovered,1979
2020-07-09,Deaths,11
2020-07-09,Active,104
2020-07-10,Confirmed,2350
2020-07-10,Recovered,1980
2020-07-10,Deaths,11
2020-07-10,Active,359
2020-07-11,Confirmed,2454
2020-07-11,Recovered,1980
2020-07-11,Deaths,11
2020-07-11,Active,463
2020-07-12,Confirmed,2511
2020-07-12,Recovered,1981
2020-07-12,Deaths,11
2020-07-12,Active,519
2020-07-13,Confirmed,2617
2020-07-13,Recovered,1981
2020-07-13,Deaths,11
2020-07-13,Active,625
2020-07-14,Confirmed,2646
2020-07-14,Recovered,1988
2020-07-14,Deaths,11
2020-07-14,Active,647
2020-07-15,Confirmed,2665
2020-07-15,Recovered,2001
2020-07-15,Deaths,11
2020-07-15,Active,653
2020-07-16,Confirmed,2674
2020-07-16,Recovered,2007
2020-07-16,Deaths,11
2020-07-16,Active,656
2020-07-17,Confirmed,2687
2020-07-17,Recovered,2012
2020-07-17,Deaths,11
2020-07-17,Active,2687
2020-07-18,Confirmed,2697
2020-07-18,Recovered,2023
2020-07-18,Deaths,11
2020-07-18,Active,663
2020-07-19,Confirmed,2704
2020-07-19,Recovered,2035
2020-07-19,Deaths,11
2020-07-19,Active,658
2020-07-20,Confirmed,2724
2020-07-20,Recovered,2041
2020-07-20,Deaths,11
2020-07-20,Active,672
2020-07-21,Confirmed,2730
2020-07-21,Recovered,2048
2020-07-21,Deaths,11
2020-07-21,Active,671
2020-07-22,Confirmed,2730
2020-07-22,Recovered,2064
2020-07-22,Deaths,11
2020-07-22,Active,655
2020-07-23,Confirmed,2752
2020-07-23,Recovered,2077
2020-07-23,Deaths,11
2020-07-23,Active,664
2020-07-24,Confirmed,2753
2020-07-24,Recovered,2094
2020-07-24,Deaths,11
2020-07-24,Active,648
2020-07-25,Confirmed,2764
2020-07-25,Recovered,2103
2020-07-25,Deaths,11
2020-07-25,Active,650
2020-07-26,Confirmed,2770
2020-07-26,Recovered,2106
2020-07-26,Deaths,11
2020-07-26,Active,653
2020-07-27,Confirmed,2782
2020-07-27,Recovered,2121
2020-07-27,Deaths,11
2020-07-27,Active,650
2020-07-28,Confirmed,2805
2020-07-28,Recovered,2296
2020-07-28,Deaths,11
2020-07-28,Active,498
2020-07-29,Confirmed,2810
2020-07-29,Recovered,2317
2020-07-29,Deaths,11
2020-07-29,Active,482
2020-07-30,Confirmed,2811
2020-07-30,Recovered,2333
2020-07-30,Deaths,11
2020-07-30,Active,467
2020-07-31,Confirmed,2814
2020-07-31,Recovered,2391
2020-07-31,Deaths,11
2020-07-31,Active,412
2020-08-01,Confirmed,2815
2020-08-01,Recovered,2439
2020-08-01,Deaths,11
2020-08-01,Active,365
2020-08-02,Confirmed,2815
2020-08-02,Recovered,2514
2020-08-02,Deaths,11
2020-08-02,Active,290
2020-08-03,Confirmed,2823
2020-08-03,Recovered,2517
2020-08-03,Deaths,11
2020-08-03,Active,295
2020-08-04,Confirmed,2828
2020-08-04,Recovered,2524
2020-08-04,Deaths,11
2020-08-04,Active,293
2020-08-05,Confirmed,2834
2020-08-05,Recovered,2537
2020-08-05,Deaths,11
2020-08-05,Active,286
2020-08-06,Confirmed,2839
2020-08-06,Recovered,2541
2020-08-06,Deaths,11
2020-08-06,Active,287
2020-08-07,Confirmed,2839
2020-08-07,Recovered,2564
2020-08-07,Deaths,11
2020-08-07,Active,264
2020-08-08,Confirmed,2839
2020-08-08,Recovered,2576
2020-08-08,Deaths,11
2020-08-08,Active,252
2020-08-09,Confirmed,2841
2020-08-09,Recovered,2579
2020-08-09,Deaths,11
2020-08-09,Active,251
2020-08-10,Confirmed,2844
2020-08-10,Recovered,2593
2020-08-10,Deaths,11
2020-08-10,Active,240
2020-08-11,Confirmed,2871
2020-08-11,Recovered,2622
2020-08-11,Deaths,11
2020-08-11,Active,238
2020-08-12,Confirmed,2880
2020-08-12,Recovered,2638
2020-08-12,Deaths,11
2020-08-12,Active,231
2020-08-13,Confirmed,2881
2020-08-13,Recovered,2646
2020-08-13,Deaths,11
2020-08-13,Active,224
2020-08-14,Confirmed,2882
2020-08-14,Recovered,2658
2020-08-14,Deaths,11
2020-08-14,Active,213
2020-08-15,Confirmed,2886
2020-08-15,Recovered,2666
2020-08-15,Deaths,11
2020-08-15,Active,209
2020-08-16,Confirmed,2890
2020-08-16,Recovered,2670
2020-08-16,Deaths,11
2020-08-16,Active,209
2020-08-17,Confirmed,2893
2020-08-17,Recovered,2676
2020-08-17,Deaths,11
2020-08-17,Active,206
2020-08-18,Confirmed,2900
2020-08-18,Recovered,2755
2020-08-18,Deaths,11
2020-08-18,Active,134
2020-08-19,Confirmed,2902
2020-08-19,Recovered,2760
2020-08-19,Deaths,11
2020-08-19,Active,131
2020-08-20,Confirmed,2902
2020-08-20,Recovered,2765
2020-08-20,Deaths,11
2020-08-20,Active,126
2020-08-21,Confirmed,2918
2020-08-21,Recovered,2789
2020-08-21,Deaths,11
2020-08-21,Active,118
2020-08-22,Confirmed,2941
2020-08-22,Recovered,2798
2020-08-22,Deaths,11
2020-08-22,Active,132
2020-08-23,Confirmed,2947
2020-08-23,Recovered,2805
2020-08-23,Deaths,12
2020-08-23,Active,130
2020-08-24,Confirmed,2953
2020-08-24,Recovered,2811
2020-08-24,Deaths,12
2020-08-24,Active,130
2020-08-25,Confirmed,2959
2020-08-25,Recovered,2816
2020-08-25,Deaths,12
2020-08-25,Active,131
2020-08-26,Confirmed,2971
2020-08-26,Recovered,2819
2020-08-26,Deaths,12
2020-08-26,Active,140
2020-08-27,Confirmed,2984
2020-08-27,Recovered,2830
2020-08-27,Deaths,12
2020-08-27,Active,142
2020-08-28,Confirmed,2986
2020-08-28,Recovered,2842
2020-08-28,Deaths,12
2020-08-28,Active,132
2020-08-29,Confirmed,2989
2020-08-29,Recovered,2849
2020-08-29,Deaths,12
2020-08-29,Active,128
2020-08-30,Confirmed,2995
2020-08-30,Recovered,2860
2020-08-30,Deaths,12
2020-08-30,Active,123
2020-08-31,Confirmed,3012
2020-08-31,Recovered,2868
2020-08-31,Deaths,12
2020-08-31,Active,132
2020-09-01,Confirmed,3071
2020-09-01,Recovered,2879
2020-09-01,Deaths,12
2020-09-01,Active,180
2020-09-02,Confirmed,3092
2020-09-02,Recovered,2883
2020-09-02,Deaths,12
2020-09-02,Active,197
2020-09-03,Confirmed,3101
2020-09-03,Recovered,2889
2020-09-03,Deaths,12
2020-09-03,Active,200
2020-09-04,Confirmed,3111
2020-09-04,Recovered,2907
2020-09-04,Deaths,12
2020-09-04,Active,192
2020-09-05,Confirmed,3115
2020-09-05,Recovered,2918
2020-09-05,Deaths,12
2020-09-05,Active,185
2020-09-06,Confirmed,3121
2020-09-06,Recovered,2925
2020-09-06,Deaths,12
2020-09-06,Active,184
2020-09-07,Confirmed,3123
2020-09-07,Recovered,2926
2020-09-07,Deaths,12
2020-09-07,Active,185
2020-09-08,Confirmed,3123
2020-09-08,Recovered,2935
2020-09-08,Deaths,12
2020-09-08,Active,176
2020-09-09,Confirmed,3140
2020-09-09,Recovered,2946
2020-09-09,Deaths,12
2020-09-09,Active,182
2020-09-10,Confirmed,3147
2020-09-10,Recovered,2955
2020-09-10,Deaths,12
2020-09-10,Active,180
2020-09-11,Confirmed,3155
2020-09-11,Recovered,2969
2020-09-11,Deaths,12
2020-09-11,Active,174
2020-09-12,Confirmed,3169
2020-09-12,Recovered,2983
2020-09-12,Deaths,12
2020-09-12,Active,174
2020-09-13,Confirmed,3195
2020-09-13,Recovered,2996
2020-09-13,Deaths,12
2020-09-13,Active,187
2020-09-14,Confirmed,3234
2020-09-14,Recovered,3005
2020-09-14,Deaths,12
2020-09-14,Active,217
2020-09-15,Confirmed,3263
2020-09-15,Recovered,3016
2020-09-15,Deaths,13
2020-09-15,Active,234
2020-09-16,Confirmed,3271
2020-09-16,Recovered,3021
2020-09-16,Deaths,13
2020-09-16,Active,237
2020-09-17,Confirmed,3271
2020-09-17,Recovered,3043
2020-09-17,Deaths,13
2020-09-17,Active,215
2020-09-18,Confirmed,3276
2020-09-18,Recovered,3060
2020-09-18,Deaths,13
2020-09-18,Active,203
2020-09-19,Confirmed,3281
2020-09-19,Recovered,3070
2020-09-19,Deaths,13
2020-09-19,Active,198
2020-09-20,Confirmed,3283
2020-09-20,Recovered,3088
2020-09-20,Deaths,13
2020-09-20,Active,182
2020-09-21,Confirmed,3287
2020-09-21,Recovered,3100
2020-09-21,Deaths,13
2020-09-21,Active,174
2020-09-22,Confirmed,3299
2020-09-22,Recovered,3118
2020-09-22,Deaths,13
2020-09-22,Active,168
2020-09-23,Confirmed,3313
2020-09-23,Recovered,3129
2020-09-23,Deaths,13
2020-09-23,Active,171
2020-09-24,Confirmed,3324
2020-09-24,Recovered,3142
2020-09-24,Deaths,13
2020-09-24,Active,169
2020-09-25,Confirmed,3333
2020-09-25,Recovered,3158
2020-09-25,Deaths,13
2020-09-25,Active,162
2020-09-26,Confirmed,3345
2020-09-26,Recovered,3186
2020-09-26,Deaths,13
2020-09-26,Active,146
2020-09-27,Confirmed,3349
2020-09-27,Recovered,3208
2020-09-27,Deaths,13
2020-09-27,Active,128
2020-09-28,Confirmed,3360
2020-09-28,Recovered,3210
2020-09-28,Deaths,13
2020-09-28,Active,137
2020-09-29,Confirmed,3363
2020-09-29,Recovered,3230
2020-09-29,Deaths,13
2020-09-29,Active,120
2020-09-30,Confirmed,3374
2020-09-30,Recovered,3230
2020-09-30,Deaths,13
2020-09-30,Active,131
2020-10-01,Confirmed,3380
2020-10-01,Recovered,3233
2020-10-01,Deaths,13
2020-10-01,Active,134
2020-10-02,Confirmed,3382
2020-10-02,Recovered,3245
2020-10-02,Deaths,13
2020-10-02,Active,124
2020-10-03,Confirmed,3388
2020-10-03,Recovered,3254
2020-10-03,Deaths,13
2020-10-03,Active,121
2020-10-04,Confirmed,3396
2020-10-04,Recovered,3258
2020-10-04,Deaths,13
2020-10-04,Active,125
2020-10-05,Confirmed,3471
2020-10-05,Recovered,3259
2020-10-05,Deaths,13
2020-10-05,Active,199
2020-10-06,Confirmed,3733
2020-10-06,Recovered,3266
2020-10-06,Deaths,13
2020-10-06,Active,454
2020-10-07,Confirmed,4252
2020-10-07,Recovered,3274
2020-10-07,Deaths,13
2020-10-07,Active,965
2020-10-08,Confirmed,4459
2020-10-08,Recovered,3278
2020-10-08,Deaths,13
2020-10-08,Active,1168
2020-10-09,Confirmed,4488
2020-10-09,Recovered,3296
2020-10-09,Deaths,13
2020-10-09,Active,1179
2020-10-10,Confirmed,4523
2020-10-10,Recovered,3306
2020-10-10,Deaths,13
2020-10-10,Active,1204
2020-10-11,Confirmed,4628
2020-10-11,Recovered,3307
2020-10-11,Deaths,13
2020-10-11,Active,1308
2020-10-12,Confirmed,4752
2020-10-12,Recovered,3317
2020-10-12,Deaths,13
2020-10-12,Active,1422
2020-10-13,Confirmed,4844
2020-10-13,Recovered,3328
2020-10-13,Deaths,13
2020-10-13,Active,1503
2020-10-14,Confirmed,5038
2020-10-14,Recovered,3357
2020-10-14,Deaths,13
2020-10-14,Active,1668
2020-10-15,Confirmed,5170
2020-10-15,Recovered,3380
2020-10-15,Deaths,13
2020-10-15,Active,1777
2020-10-16,Confirmed,5244
2020-10-16,Recovered,3385
2020-10-16,Deaths,13
2020-10-16,Active,1846
2020-10-17,Confirmed,5354
2020-10-17,Recovered,3395
2020-10-17,Deaths,13
2020-10-17,Active,1946
2020-10-18,Confirmed,5475
2020-10-18,Recovered,3403
2020-10-18,Deaths,13
2020-10-18,Active,2059
2020-10-19,Confirmed,5585
2020-10-19,Recovered,3440
2020-10-19,Deaths,13
2020-10-19,Active,2132
2020-10-20,Confirmed,5685
2020-10-20,Recovered,3457
2020-10-20,Deaths,13
2020-10-20,Active,2215
2020-10-21,Confirmed,5811
2020-10-21,Recovered,3501
2020-10-21,Deaths,13
2020-10-21,Active,2297
2020-10-22,Confirmed,5978
2020-10-22,Recovered,3561
2020-10-22,Deaths,13
2020-10-22,Active,2404
2020-10-23,Confirmed,6287
2020-10-23,Recovered,3644
2020-10-23,Deaths,14
2020-10-23,Active,2629
2020-10-24,Confirmed,7153
2020-10-24,Recovered,3714
2020-10-24,Deaths,15
2020-10-24,Active,3424
2020-10-25,Confirmed,7521
2020-10-25,Recovered,3803
2020-10-25,Deaths,15
2020-10-25,Active,3703
2020-10-26,Confirmed,7872
2020-10-26,Recovered,3933
2020-10-26,Deaths,16
2020-10-26,Active,3923
2020-10-27,Confirmed,8413
2020-10-27,Recovered,4043
2020-10-27,Deaths,16
2020-10-27,Active,4354
2020-10-28,Confirmed,8870
2020-10-28,Recovered,4075
2020-10-28,Deaths,19
2020-10-28,Active,4776
2020-10-29,Confirmed,9205
2020-10-29,Recovered,4142
2020-10-29,Deaths,19
2020-10-29,Active,5044
2020-10-30,Confirmed,9791
2020-10-30,Recovered,4282
2020-10-30,Deaths,19
2020-10-30,Active,5490
2020-10-31,Confirmed,10424
2020-10-31,Recovered,4399
2020-10-31,Deaths,20
2020-10-31,Active,6005
2020-11-01,Confirmed,10663
2020-11-01,Recovered,4905
2020-11-01,Deaths,20
2020-11-01,Active,5738
2020-11-02,Confirmed,11060
2020-11-02,Recovered,5249
2020-11-02,Deaths,21
2020-11-02,Active,5790
2020-11-03,Confirmed,11335
2020-11-03,Recovered,5581
2020-11-03,Deaths,21
2020-11-03,Active,5733
2020-11-04,Confirmed,11744
2020-11-04,Recovered,5858
2020-11-04,Deaths,23
2020-11-04,Active,5863
2020-11-05,Confirmed,12187
2020-11-05,Recovered,6623
2020-11-05,Deaths,24
2020-11-05,Active,5540
2020-11-06,Confirmed,12570
2020-11-06,Recovered,7186
2020-11-06,Deaths,29
2020-11-06,Active,5355
2020-11-07,Confirmed,12970
2020-11-07,Recovered,7723
2020-11-07,Deaths,30
2020-11-07,Active,5217
2020-11-08,Confirmed,13419
2020-11-08,Recovered,8285
2020-11-08,Deaths,34
2020-11-08,Active,5100
2020-11-09,Confirmed,13929
2020-11-09,Recovered,8880
2020-11-09,Deaths,35
2020-11-09,Active,5014
2020-11-10,Confirmed,14285
2020-11-10,Recovered,9537
2020-11-10,Deaths,36
2020-11-10,Active,4712
2020-11-11,Confirmed,14715
2020-11-11,Recovered,10183
2020-11-11,Deaths,41
2020-11-11,Active,4491
2020-11-12,Confirmed,15350
2020-11-12,Recovered,10653
2020-11-12,Deaths,46
2020-11-12,Active,4651
2020-11-13,Confirmed,15723
2020-11-13,Recovered,11031
2020-11-13,Deaths,48
2020-11-13,Active,4644
2020-11-14,Confirmed,16191
2020-11-14,Recovered,11324
2020-11-14,Deaths,53
2020-11-14,Active,4814
2020-11-15,Confirmed,16583
2020-11-15,Recovered,11495
2020-11-15,Deaths,53
2020-11-15,Active,5035
2020-11-16,Confirmed,17287
2020-11-16,Recovered,11806
2020-11-16,Deaths,58
2020-11-16,Active,5423
2020-11-17,Confirmed,17674
2020-11-17,Recovered,12210
2020-11-17,Deaths,61
2020-11-17,Active,5403
2020-11-18,Confirmed,18075
2020-11-18,Recovered,12587
2020-11-18,Deaths,66
2020-11-18,Active,5422
2020-11-19,Confirmed,18402
2020-11-19,Recovered,12903
2020-11-19,Deaths,69
2020-11-19,Active,5430
2020-11-20,Confirmed,18841
2020-11-20,Recovered,13271
2020-11-20,Deaths,73
2020-11-20,Active,5497
2020-11-21,Confirmed,19280
2020-11-21,Recovered,13590
2020-11-21,Deaths,74
2020-11-21,Active,5616
2020-11-22,Confirmed,19771
2020-11-22,Recovered,14069
2020-11-22,Deaths,83
2020-11-22,Active,5619
2020-11-23,Confirmed,20171
2020-11-23,Recovered,14497
2020-11-23,Deaths,87
2020-11-23,Active,5587
2020-11-24,Confirmed,20508
2020-11-24,Recovered,14962
2020-11-24,Deaths,90
2020-11-24,Active,5456
2020-11-25,Confirmed,20967
2020-11-25,Recovered,15447
2020-11-25,Deaths,94
2020-11-25,Active,5426
2020-11-26,Confirmed,21469
2020-11-26,Recovered,15816
2020-11-26,Deaths,96
2020-11-26,Active,5557
2020-11-27,Confirmed,22028
2020-11-27,Recovered,16226
2020-11-27,Deaths,99
2020-11-27,Active,5703
2020-11-28,Confirmed,22501
2020-11-28,Recovered,16656
2020-11-28,Deaths,107
2020-11-28,Active,5738
2020-11-29,Confirmed,22988
2020-11-29,Recovered,17002
2020-11-29,Deaths,109
2020-11-29,Active,5877
2020-11-30,Confirmed,23484
2020-11-30,Recovered,17560
2020-11-30,Deaths,116
2020-11-30,Active,5808
2020-12-01,Confirmed,23987
2020-12-01,Recovered,17817
2020-12-01,Deaths,118
2020-12-01,Active,6052
2020-12-02,Confirmed,24532
2020-12-02,Recovered,18304
2020-12-02,Deaths,122
2020-12-02,Active,6106
2020-12-03,Confirmed,25410
2020-12-03,Recovered,19032
2020-12-03,Deaths,124
2020-12-03,Active,6254
2020-12-04,Confirmed,26038
2020-12-04,Recovered,19438
2020-12-04,Deaths,129
2020-12-04,Active,6471
2020-12-05,Confirmed,26559
2020-12-05,Recovered,20090
2020-12-05,Deaths,130
2020-12-05,Active,6339
2020-12-06,Confirmed,27228
2020-12-06,Recovered,20460
2020-12-06,Deaths,137
2020-12-06,Active,6631
2020-12-07,Confirmed,27877
2020-12-07,Recovered,20804
2020-12-07,Deaths,140
2020-12-07,Active,6933
2020-12-08,Confirmed,28580
2020-12-08,Recovered,21258
2020-12-08,Deaths,142
2020-12-08,Active,7180
2020-12-09,Confirmed,29378
2020-12-09,Recovered,21800
2020-12-09,Deaths,142
2020-12-09,Active,7436
2020-12-10,Confirmed,30075
2020-12-10,Recovered,22261
2020-12-10,Deaths,144
2020-12-10,Active,7670
2020-12-11,Confirmed,30613
2020-12-11,Recovered,22831
2020-12-11,Deaths,146
2020-12-11,Active,7636
2020-12-12,Confirmed,31375
2020-12-12,Recovered,23304
2020-12-12,Deaths,147
2020-12-12,Active,7924
2020-12-13,Confirmed,32135
2020-12-13,Recovered,23793
2020-12-13,Deaths,149
2020-12-13,Active,8193
2020-12-14,Confirmed,32790
2020-12-14,Recovered,24309
2020-12-14,Deaths,152
2020-12-14,Active,8329
2020-12-15,Confirmed,33478
2020-12-15,Recovered,24867
2020-12-15,Deaths,154
2020-12-15,Active,8457
2020-12-16,Confirmed,34121
2020-12-16,Recovered,25652
2020-12-16,Deaths,157
2020-12-16,Active,8312
2020-12-17,Confirmed,34737
2020-12-17,Recovered,26353
2020-12-17,Deaths,160
2020-12-17,Active,8224
2020-12-18,Confirmed,35387
2020-12-18,Recovered,27061
2020-12-18,Deaths,160
2020-12-18,Active,8166
2020-12-19,Confirmed,36049
2020-12-19,Recovered,27552
2020-12-19,Deaths,165
2020-12-19,Active,8332
2020-12-20,Confirmed,36667
2020-12-20,Recovered,28267
2020-12-20,Deaths,171
2020-12-20,Active,8229
2020-12-21,Confirmed,37261
2020-12-21,Recovered,28682
2020-12-21,Deaths,176
2020-12-21,Active,8403
2020-12-22,Confirmed,37631
2020-12-22,Recovered,29300
2020-12-22,Deaths,181
2020-12-22,Active,8150
2020-12-23,Confirmed,38059
2020-12-23,Recovered,29882
2020-12-23,Deaths,183
2020-12-23,Active,7994
2020-12-24,Confirmed,38639
2020-12-24,Recovered,30568
2020-12-24,Deaths,184
2020-12-24,Active,7887
2020-12-25,Confirmed,39231
2020-12-25,Recovered,31339
2020-12-25,Deaths,185
2020-12-25,Active,7707
2020-12-26,Confirmed,39782
2020-12-26,Recovered,32051
2020-12-26,Deaths,186
2020-12-26,Active,7545
2020-12-27,Confirmed,40380
2020-12-27,Recovered,32701
2020-12-27,Deaths,187
2020-12-27,Active,7492
2020-12-28,Confirmed,41054
2020-12-28,Recovered,33221
2020-12-28,Deaths,191
2020-12-28,Active,7642
2020-12-29,Confirmed,41603
2020-12-29,Recovered,33925
2020-12-29,Deaths,194
2020-12-29,Active,7484
2020-12-30,Confirmed,42063
2020-12-30,Recovered,34623
2020-12-30,Deaths,195
2020-12-30,Active,7245
2020-12-31,Confirmed,42702
2020-12-31,Recovered,35329
2020-12-31,Deaths,199
2020-12-31,Active,7174
2021-01-01,Confirmed,43299
2021-01-01,Recovered,36155
2021-01-01,Deaths,204
2021-01-01,Active,6940
2021-01-02,Confirmed,43856
2021-01-02,Recovered,36717
2021-01-02,Deaths,208
2021-01-02,Active,6931
2021-01-03,Confirmed,44371
2021-01-03,Recovered,37252
2021-01-03,Deaths,211
2021-01-03,Active,6908
2021-01-04,Confirmed,44774
2021-01-04,Recovered,37817
2021-01-04,Deaths,213
2021-01-04,Active,6744
2021-01-05,Confirmed,45242
2021-01-05,Recovered,38262
2021-01-05,Deaths,215
2021-01-05,Active,6765
2021-01-06,Confirmed,45726
2021-01-06,Recovered,39023
2021-01-06,Deaths,217
2021-01-06,Active,6486
2021-01-07,Confirmed,46248
2021-01-07,Recovered,39661
2021-01-07,Deaths,219
2021-01-07,Active,6368
2021-01-08,Confirmed,46780
2021-01-08,Recovered,40317
2021-01-08,Deaths,222
2021-01-08,Active,6241
2021-01-09,Confirmed,47305
2021-01-09,Recovered,40838
2021-01-09,Deaths,225
2021-01-09,Active,6242
2021-01-10,Confirmed,47840
2021-01-10,Recovered,41325
2021-01-10,Deaths,229
2021-01-10,Active,6286
2021-01-11,Confirmed,48380
2021-01-11,Recovered,42091
2021-01-11,Deaths,232
2021-01-11,Active,6057
2021-01-12,Confirmed,48949
2021-01-12,Recovered,42621
2021-01-12,Deaths,240
2021-01-12,Active,6088
2021-01-13,Confirmed,49537
2021-01-13,Recovered,43267
2021-01-13,Deaths,244
2021-01-13,Active,6026
2021-01-14,Confirmed,50229
2021-01-14,Recovered,43747
2021-01-14,Deaths,247
2021-01-14,Active,6235
2021-01-15,Confirmed,50899
2021-01-15,Recovered,44259
2021-01-15,Deaths,251
2021-01-15,Active,6389
2021-01-16,Confirmed,51594
2021-01-16,Recovered,44746
2021-01-16,Deaths,255
2021-01-16,Active,6593
2021-01-17,Confirmed,52313
2021-01-17,Recovered,45171
2021-01-17,Deaths,256
2021-01-17,Active,6886
2021-01-18,Confirmed,53076
2021-01-18,Recovered,45820
2021-01-18,Deaths,264
2021-01-18,Active,6992
2021-01-19,Confirmed,53750
2021-01-19,Recovered,46594
2021-01-19,Deaths,270
2021-01-19,Active,6886
2021-01-20,Confirmed,54419
2021-01-20,Recovered,47215
2021-01-20,Deaths,273
2021-01-20,Active,6931
2021-01-21,Confirmed,55189
2021-01-21,Recovered,47984
2021-01-21,Deaths,274
2021-01-21,Active,6931
2021-01-22,Confirmed,56076
2021-01-22,Recovered,48617
2021-01-22,Deaths,276
2021-01-22,Active,7183
2021-01-23,Confirmed,56863
2021-01-23,Recovered,49261
2021-01-23,Deaths,278
2021-01-23,Active,7324
2021-01-24,Confirmed,57587
2021-01-24,Recovered,49684
2021-01-24,Deaths,280
2021-01-24,Active,7623
2021-01-25,Confirmed,58430
2021-01-25,Recovered,50337
2021-01-25,Deaths,283
2021-01-25,Active,7810
2021-01-26,Confirmed,59167
2021-01-26,Recovered,51046
2021-01-26,Deaths,287
2021-01-26,Active,7834
2021-01-27,Confirmed,59922
2021-01-27,Recovered,52566
2021-01-27,Deaths,288
2021-01-27,Active,7068
2021-01-28,Confirmed,60694
2021-01-28,Recovered,54435
2021-01-28,Deaths,290
2021-01-28,Active,5969
2021-01-29,Confirmed,61586
2021-01-29,Recovered,55398
2021-01-29,Deaths,297
2021-01-29,Active,5891
2021-01-30,Confirmed,62445
2021-01-30,Recovered,56277
2021-01-30,Deaths,305
2021-01-30,Active,5863
2021-01-31,Confirmed,63293
2021-01-31,Recovered,57159
2021-01-31,Deaths,313
2021-01-31,Active,5821
2021-02-01,Confirmed,64157
2021-02-01,Recovered,58075
2021-02-01,Deaths,316
2021-02-01,Active,5766
2021-02-02,Confirmed,64983
2021-02-02,Recovered,59043
2021-02-02,Deaths,323
2021-02-02,Active,5617
2021-02-03,Confirmed,65698
2021-02-03,Recovered,59883
2021-02-03,Deaths,328
2021-02-03,Active,5487
2021-02-04,Confirmed,66409
2021-02-04,Recovered,60567
2021-02-04,Deaths,332
2021-02-04,Active,5510
2021-02-05,Confirmed,67115
2021-02-05,Recovered,61461
2021-02-05,Deaths,339
2021-02-05,Active,5315
2021-02-06,Confirmed,67850
2021-02-06,Recovered,62594
2021-02-06,Deaths,343
2021-02-06,Active,4913
2021-02-07,Confirmed,68576
2021-02-07,Recovered,63401
2021-02-07,Deaths,351
2021-02-07,Active,4824
2021-02-08,Confirmed,69348
2021-02-08,Recovered,64141
2021-02-08,Deaths,356
2021-02-08,Active,4851
2021-02-09,Confirmed,70235
2021-02-09,Recovered,65053
2021-02-09,Deaths,365
2021-02-09,Active,4817
2021-02-10,Confirmed,71211
2021-02-10,Recovered,65644
2021-02-10,Deaths,370
2021-02-10,Active,5197
2021-02-11,Confirmed,72174
2021-02-11,Recovered,66211
2021-02-11,Deaths,375
2021-02-11,Active,5588
2021-02-12,Confirmed,73116
2021-02-12,Recovered,66984
2021-02-12,Deaths,379
2021-02-12,Active,5753
2021-02-13,Confirmed,74056
2021-02-13,Recovered,67831
2021-02-13,Deaths,384
2021-02-13,Active,5841
2021-02-14,Confirmed,74852
2021-02-14,Recovered,68696
2021-02-14,Deaths,390
2021-02-14,Active,5766
2021-02-15,Confirmed,75654
2021-02-15,Recovered,69411
2021-02-15,Deaths,397
2021-02-15,Active,5846
2021-02-16,Confirmed,76428
2021-02-16,Recovered,70429
2021-02-16,Deaths,403
2021-02-16,Active,5596
2021-02-17,Confirmed,77184
2021-02-17,Recovered,71176
2021-02-17,Deaths,409
2021-02-17,Active,5599
2021-02-18,Confirmed,77906
2021-02-18,Recovered,71823
2021-02-18,Deaths,422
2021-02-18,Active,5661
2021-02-19,Confirmed,78420
2021-02-19,Recovered,72566
2021-02-19,Deaths,430
2021-02-19,Active,5424
2021-02-20,Confirmed,78937
2021-02-20,Recovered,73456
2021-02-20,Deaths,433
2021-02-20,Active,5048
2021-02-21,Confirmed,79480
2021-02-21,Recovered,74299
2021-02-21,Deaths,435
2021-02-21,Active,4746
2021-02-22,Confirmed,79999
2021-02-22,Recovered,75110
2021-02-22,Deaths,445
2021-02-22,Active,4444
2021-02-23,Confirmed,80517
2021-02-23,Recovered,75842
2021-02-23,Deaths,450
2021-02-23,Active,4225
2021-02-24,Confirmed,81009
2021-02-24,Recovered,76514
2021-02-24,Deaths,453
2021-02-24,Active,4042
2021-02-25,Confirmed,81467
2021-02-25,Recovered,76961
2021-02-25,Deaths,457
2021-02-25,Active,4049
2021-02-26,Confirmed,81933
2021-02-26,Recovered,77625
2021-02-26,Deaths,459
2021-02-26,Active,3849
2021-02-27,Confirmed,82430
2021-02-27,Recovered,78373
2021-02-27,Deaths,464
2021-02-27,Active,3593
2021-02-28,Confirmed,82890
2021-02-28,Recovered,78947
2021-02-28,Deaths,464
2021-02-28,Active,3479
2021-03-01,Confirmed,83242
2021-03-01,Recovered,79422
2021-03-01,Deaths,471
2021-03-01,Active,3349
2021-03-02,Confirmed,83552
2021-03-02,Recovered,80020
2021-03-02,Deaths,476
2021-03-02,Active,3056
2021-03-03,Confirmed,83870
2021-03-03,Recovered,80437
2021-03-03,Deaths,483
2021-03-03,Active,2950
2021-03-04,Confirmed,84226
2021-03-04,Recovered,80836
2021-03-04,Deaths,484
2021-03-04,Active,2906
2021-03-05,Confirmed,84610
2021-03-05,Recovered,81321
2021-03-05,Deaths,489
2021-03-05,Active,2800
2021-03-06,Confirmed,84960
2021-03-06,Recovered,81769
2021-03-06,Deaths,493
2021-03-06,Active,2698
2021-03-07,Confirmed,85336
2021-03-07,Recovered,82059
2021-03-07,Deaths,497
2021-03-07,Active,2780
2021-03-08,Confirmed,85695
2021-03-08,Recovered,82513
2021-03-08,Deaths,502
2021-03-08,Active,2680
2021-03-09,Confirmed,86039
2021-03-09,Recovered,82753
2021-03-09,Deaths,507
2021-03-09,Active,2779
2021-03-10,Confirmed,86343
2021-03-10,Recovered,83210
2021-03-10,Deaths,511
2021-03-10,Active,2622
2021-03-11,Confirmed,86685
2021-03-11,Recovered,83561
2021-03-11,Deaths,515
2021-03-11,Active,2609
2021-03-12,Confirmed,86989
2021-03-12,Recovered,83958
2021-03-12,Deaths,520
2021-03-12,Active,2511
2021-03-13,Confirmed,87286
2021-03-13,Recovered,84253
2021-03-13,Deaths,525
2021-03-13,Active,2508
2021-03-14,Confirmed,87600
2021-03-14,Recovered,84648
2021-03-14,Deaths,526
2021-03-14,Active,2426
2021-03-15,Confirmed,87907
2021-03-15,Recovered,84969
2021-03-15,Deaths,527
2021-03-15,Active,2411
2021-03-16,Confirmed,88238
2021-03-16,Recovered,85371
2021-03-16,Deaths,532
2021-03-16,Active,2335
2021-03-17,Confirmed,88524
2021-03-17,Recovered,85725
2021-03-17,Deaths,534
2021-03-17,Active,2265
2021-03-18,Confirmed,88862
2021-03-18,Recovered,85944
2021-03-18,Deaths,537
2021-03-18,Active,2381
2021-03-19,Confirmed,89175
2021-03-19,Recovered,86227
2021-03-19,Deaths,538
2021-03-19,Active,2410
2021-03-20,Confirmed,89497
2021-03-20,Recovered,86466
2021-03-20,Deaths,544
2021-03-20,Active,2487
2021-03-21,Confirmed,89846
2021-03-21,Recovered,86759
2021-03-21,Deaths,545
2021-03-21,Active,2542
2021-03-22,Confirmed,90200
2021-03-22,Recovered,87058
2021-03-22,Deaths,546
2021-03-22,Active,2596
2021-03-23,Confirmed,90514
2021-03-23,Recovered,87306
2021-03-23,Deaths,551
2021-03-23,Active,2657
2021-03-24,Confirmed,90765
2021-03-24,Recovered,87630
2021-03-24,Deaths,552
2021-03-24,Active,2583
2021-03-25,Confirmed,91018
2021-03-25,Recovered,87881
2021-03-25,Deaths,554
2021-03-25,Active,2583
2021-03-26,Confirmed,91289
2021-03-26,Recovered,88145
2021-03-26,Deaths,557
2021-03-26,Active,2587
2021-03-27,Confirmed,91561
2021-03-27,Recovered,88388
2021-03-27,Deaths,558
2021-03-27,Active,2615
2021-03-28,Confirmed,91839
2021-03-28,Recovered,88623
2021-03-28,Deaths,559
2021-03-28,Active,2657
2021-03-29,Confirmed,92088
2021-03-29,Recovered,88914
2021-03-29,Deaths,561
2021-03-29,Active,2613
2021-03-30,Confirmed,92303
2021-03-30,Recovered,89090
2021-03-30,Deaths,566
2021-03-30,Active,2647
2021-03-31,Confirmed,92442
2021-03-31,Recovered,89251
2021-03-31,Deaths,566
2021-03-31,Active,2625
2021-04-01,Confirmed,92706
2021-04-01,Recovered,89407
2021-04-01,Deaths,568
2021-04-01,Active,2731
2021-04-02,Confirmed,92917
2021-04-02,Recovered,89701
2021-04-02,Deaths,571
2021-04-02,Active,2645
2021-04-03,Confirmed,93128
2021-04-03,Recovered,90021
2021-04-03,Deaths,575
2021-04-03,Active,2532
2021-04-04,Confirmed,93295
2021-04-04,Recovered,90208
2021-04-04,Deaths,579
2021-04-04,Active,2508
2021-04-05,Confirmed,93436
2021-04-05,Recovered,90563
2021-04-05,Deaths,581
2021-04-05,Active,2292
2021-04-06,Confirmed,93595
2021-04-06,Recovered,90708
2021-04-06,Deaths,586
2021-04-06,Active,2301
2021-04-07,Confirmed,93772
2021-04-07,Recovered,90917
2021-04-07,Deaths,588
2021-04-07,Active,2267
2021-04-08,Confirmed,93993
2021-04-08,Recovered,91044
2021-04-08,Deaths,591
2021-04-08,Active,2358
2021-04-09,Confirmed,94336
2021-04-09,Recovered,91272
2021-04-09,Deaths,593
2021-04-09,Active,2471
2021-04-10,Confirmed,94564
2021-04-10,Recovered,91456
2021-04-10,Deaths,595
2021-04-10,Active,2513
2021-04-11,Confirmed,94848
2021-04-11,Recovered,91631
2021-04-11,Deaths,596
2021-04-11,Active,2621
2021-04-12,Confirmed,95131
2021-04-12,Recovered,91775
2021-04-12,Deaths,598
2021-04-12,Active,2758
2021-04-13,Confirmed,95394
2021-04-13,Recovered,91926
2021-04-13,Deaths,602
2021-04-13,Active,2866
2021-04-14,Confirmed,95620
2021-04-14,Recovered,92151
2021-04-14,Deaths,602
2021-04-14,Active,2867
2021-04-15,Confirmed,95737
2021-04-15,Recovered,92308
2021-04-15,Deaths,604
2021-04-15,Active,2825
2021-04-16,Confirmed,95949
2021-04-16,Recovered,92611
2021-04-16,Deaths,608
2021-04-16,Active,2730
2021-04-17,Confirmed,96186
2021-04-17,Recovered,92832
2021-04-17,Deaths,615
2021-04-17,Active,2739
2021-04-18,Confirmed,96439
2021-04-18,Recovered,93113
2021-04-18,Deaths,617
2021-04-18,Active,2709
2021-04-19,Confirmed,96796
2021-04-19,Recovered,93374
2021-04-19,Deaths,618
2021-04-19,Active,2804
2021-04-20,Confirmed,97105
2021-04-20,Recovered,93547
2021-04-20,Deaths,620
2021-04-20,Active,2938
2021-04-21,Confirmed,97472
2021-04-21,Recovered,93668
2021-04-21,Deaths,625
2021-04-21,Active,3179
2021-04-22,Confirmed,98050
2021-04-22,Recovered,93884
2021-04-22,Deaths,630
2021-04-22,Active,3536
2021-04-23,Confirmed,98722
2021-04-23,Recovered,94035
2021-04-23,Deaths,634
2021-04-23,Active,4053
2021-04-24,Confirmed,99691
2021-04-24,Recovered,94155
2021-04-24,Deaths,638
2021-04-24,Active,4898
2021-04-25,Confirmed,100586
2021-04-25,Recovered,94311
2021-04-25,Deaths,642
2021-04-25,Active,5633
2021-04-26,Confirmed,101379
2021-04-26,Recovered,94577
2021-04-26,Deaths,644
2021-04-26,Active,6158
2021-04-27,Confirmed,102376
2021-04-27,Recovered,94856
2021-04-27,Deaths,647
2021-04-27,Active,6873
2021-04-28,Confirmed,103487
2021-04-28,Recovered,95083
2021-04-28,Deaths,655
2021-04-28,Active,7749
2021-04-29,Confirmed,104953
2021-04-29,Recovered,95445
2021-04-29,Deaths,661
2021-04-29,Active,8847
2021-04-30,Confirmed,106484
2021-04-30,Recovered,95975
2021-04-30,Deaths,667
2021-04-30,Active,9842
2021-05-01,Confirmed,108146
2021-05-01,Recovered,96478
2021-05-01,Deaths,678
2021-05-01,Active,10990
2021-05-02,Confirmed,109862
2021-05-02,Recovered,97242
2021-05-02,Deaths,687
2021-05-02,Active,11933
2021-05-03,Confirmed,111753
2021-05-03,Recovered,98209
2021-05-03,Deaths,696
2021-05-03,Active,12848
2021-05-04,Confirmed,113676
2021-05-04,Recovered,99153
2021-05-04,Deaths,709
2021-05-04,Active,13814
2021-05-05,Confirmed,115590
2021-05-05,Recovered,100075
2021-05-05,Deaths,720
2021-05-05,Active,14795
2021-05-06,Confirmed,117529
2021-05-06,Recovered,100885
2021-05-06,Deaths,734
2021-05-06,Active,15910
2021-05-07,Confirmed,119424
2021-05-07,Recovered,101763
2021-05-07,Deaths,745
2021-05-07,Active,16916
2021-05-08,Confirmed,121338
2021-05-08,Recovered,103098
2021-05-08,Deaths,764
2021-05-08,Active,17476
2021-05-09,Confirmed,123234
2021-05-09,Recovered,104463
2021-05-09,Deaths,786
2021-05-09,Active,17985
2021-05-10,Confirmed,125906
2021-05-10,Recovered,105611
2021-05-10,Deaths,801
2021-05-10,Active,19494
2021-05-11,Confirmed,128530
2021-05-11,Recovered,106641
2021-05-11,Deaths,827
2021-05-11,Active,21062
2021-05-12,Confirmed,131098
2021-05-12,Recovered,107657
2021-05-12,Deaths,850
2021-05-12,Active,22591
2021-05-13,Confirmed,133527
2021-05-13,Recovered,108802
2021-05-13,Deaths,868
2021-05-13,Active,23857
2021-05-14,Confirmed,135796
2021-05-14,Recovered,110108
2021-05-14,Deaths,892
2021-05-14,Active,24796
2021-05-15,Confirmed,138085
2021-05-15,Recovered,117220
2021-05-15,Deaths,921
2021-05-15,Active,19944
2021-05-16,Confirmed,140471
2021-05-16,Recovered,118322
2021-05-16,Deaths,941
2021-05-16,Active,21208
2021-05-17,Confirmed,142746
2021-05-17,Recovered,119629
2021-05-17,Deaths,962
2021-05-17,Active,22155
2021-05-18,Confirmed,145202
2021-05-18,Recovered,121145
2021-05-18,Deaths,981
2021-05-18,Active,23076
2021-05-19,Confirmed,147720
2021-05-19,Recovered,122367
2021-05-19,Deaths,1015
2021-05-19,Active,24338
2021-05-20,Confirmed,151343
2021-05-20,Recovered,123532
2021-05-20,Deaths,1051
2021-05-20,Active,26760
2021-05-21,Confirmed,154786
2021-05-21,Recovered,125360
2021-05-21,Deaths,1089
2021-05-21,Active,28337
2021-05-22,Confirmed,158333
2021-05-22,Recovered,126995
2021-05-22,Deaths,1132
2021-05-22,Active,30206
2021-05-23,Confirmed,161242
2021-05-23,Recovered,128607
2021-05-23,Deaths,1178
2021-05-23,Active,31457
2021-05-24,Confirmed,164201
2021-05-24,Recovered,139947
2021-05-24,Deaths,1210
2021-05-24,Active,23044
2021-05-25,Confirmed,167172
2021-05-25,Recovered,141175
2021-05-25,Deaths,1243
2021-05-25,Active,24754
2021-05-26,Confirmed,169900
2021-05-26,Recovered,142378
2021-05-26,Deaths,1269
2021-05-26,Active,26253
2021-05-27,Confirmed,172277
2021-05-27,Recovered,143789
2021-05-27,Deaths,1298
2021-05-27,Active,27190
2021-05-28,Confirmed,174861
2021-05-28,Recovered,146362
2021-05-28,Deaths,1325
2021-05-28,Active,27174
2021-05-29,Confirmed,177711
2021-05-29,Recovered,148391
2021-05-29,Deaths,1363
2021-05-29,Active,27957
2021-05-30,Confirmed,180593
2021-05-30,Recovered,149825
2021-05-30,Deaths,1405
2021-05-30,Active,29363
2021-05-31,Confirmed,183452
2021-05-31,Recovered,151740
2021-05-31,Deaths,1441
2021-05-31,Active,30271
2021-06-01,Confirmed,186364
2021-06-01,Recovered,153371
2021-06-01,Deaths,1484
2021-06-01,Active,31509
2021-06-02,Confirmed,189241
2021-06-02,Recovered,160714
2021-06-02,Deaths,1527
2021-06-02,Active,27000
2021-06-03,Confirmed,192547
2021-06-03,Recovered,162397
2021-06-03,Deaths,1566
2021-06-03,Active,28584
2021-06-04,Confirmed,195844
2021-06-04,Recovered,164281
2021-06-04,Deaths,1608
2021-06-04,Active,29955
2021-06-05,Confirmed,199254
2021-06-05,Recovered,166132
2021-06-05,Deaths,1656
2021-06-05,Active,31466
2021-06-06,Confirmed,202357
2021-06-06,Recovered,167304
2021-06-06,Deaths,1696
2021-06-06,Active,33357
2021-06-07,Confirmed,205333
2021-06-07,Recovered,176045
2021-06-07,Deaths,1742
2021-06-07,Active,27546
2021-06-08,Confirmed,207979
2021-06-08,Recovered,178259
2021-06-08,Deaths,1789
2021-06-08,Active,27931
2021-06-09,Confirmed,210661
2021-06-09,Recovered,180427
2021-06-09,Deaths,1843
2021-06-09,Active,28391
2021-06-10,Confirmed,213396
2021-06-10,Recovered,182238
2021-06-10,Deaths,1910
2021-06-10,Active,29248
2021-06-11,Confirmed,216134
2021-06-11,Recovered,184090
2021-06-11,Deaths,2011
2021-06-11,Active,30033
2021-06-12,Confirmed,218923
2021-06-12,Recovered,186516
2021-06-12,Deaths,2073
2021-06-12,Active,30334
2021-06-13,Confirmed,221277
2021-06-13,Recovered,188547
2021-06-13,Deaths,2136
2021-06-13,Active,30594
2021-06-14,Confirmed,223638
2021-06-14,Recovered,190464
2021-06-14,Deaths,2203
2021-06-14,Active,30971
2021-06-15,Confirmed,225922
2021-06-15,Recovered,192478
2021-06-15,Deaths,2260
2021-06-15,Active,31184
2021-06-16,Confirmed,228256
2021-06-16,Recovered,194145
2021-06-16,Deaths,2315
2021-06-16,Active,31796
2021-06-17,Confirmed,230692
2021-06-17,Recovered,195434
2021-06-17,Deaths,2374
2021-06-17,Active,32884
2021-06-18,Confirmed,233064
2021-06-18,Recovered,197259
2021-06-18,Deaths,2425
2021-06-18,Active,33380
2021-06-19,Confirmed,235413
2021-06-19,Recovered,199393
2021-06-19,Deaths,2480
2021-06-19,Active,33540
2021-06-20,Confirmed,237661
2021-06-20,Recovered,201389
2021-06-20,Deaths,2534
2021-06-20,Active,33738
2021-06-21,Confirmed,239689
2021-06-21,Recovered,207287
2021-06-21,Deaths,2581
2021-06-21,Active,29821
2021-06-22,Confirmed,241820
2021-06-22,Recovered,209296
2021-06-22,Deaths,2633
2021-06-22,Active,29891
2021-06-23,Confirmed,243913
2021-06-23,Recovered,211186
2021-06-23,Deaths,2704
2021-06-23,Active,30023
2021-06-24,Confirmed,246109
2021-06-24,Recovered,212825
2021-06-24,Deaths,2769
2021-06-24,Active,30515
2021-06-25,Confirmed,248050
2021-06-25,Recovered,214668
2021-06-25,Deaths,2814
2021-06-25,Active,30568
2021-06-26,Confirmed,249926
2021-06-26,Recovered,216840
2021-06-26,Deaths,2862
2021-06-26,Active,30224
2021-06-27,Confirmed,251751
2021-06-27,Recovered,218998
2021-06-27,Deaths,2905
2021-06-27,Active,29848
2021-06-28,Confirmed,253618
2021-06-28,Recovered,221249
2021-06-28,Deaths,2944
2021-06-28,Active,29425
2021-06-29,Confirmed,255508
2021-06-29,Recovered,223471
2021-06-29,Deaths,2985
2021-06-29,Active,29052
2021-06-30,Confirmed,257225
2021-06-30,Recovered,225952
2021-06-30,Deaths,3030
2021-06-30,Active,28243
2021-07-01,Confirmed,259089
2021-07-01,Recovered,227840
2021-07-01,Deaths,3077
2021-07-01,Active,28172
2021-07-02,Confirmed,260972
2021-07-02,Recovered,229541
2021-07-02,Deaths,3120
2021-07-02,Active,28311
2021-07-03,Confirmed,262795
2021-07-03,Recovered,231394
2021-07-03,Deaths,3157
2021-07-03,Active,28244
2021-07-04,Confirmed,264057
2021-07-04,Recovered,233317
2021-07-04,Deaths,3191
2021-07-04,Active,27549
2021-07-05,Confirmed,265630
2021-07-05,Recovered,234942
2021-07-05,Deaths,3236
2021-07-05,Active,27452
2021-07-06,Confirmed,266499
2021-07-06,Recovered,236659
2021-07-06,Deaths,3268
2021-07-06,Active,26572
2021-07-07,Confirmed,267433
2021-07-07,Recovered,238131
2021-07-07,Deaths,3313
2021-07-07,Active,25989
2021-07-08,Confirmed,268676
2021-07-08,Recovered,239584
2021-07-08,Deaths,3351
2021-07-08,Active,25741
2021-07-09,Confirmed,269946
2021-07-09,Recovered,241035
2021-07-09,Deaths,3391
2021-07-09,Active,25520
2021-07-10,Confirmed,271483
2021-07-10,Recovered,242839
2021-07-10,Deaths,3434
2021-07-10,Active,25210
2021-07-11,Confirmed,273031
2021-07-11,Recovered,244437
2021-07-11,Deaths,3467
2021-07-11,Active,25127
2021-07-12,Confirmed,274538
2021-07-12,Recovered,246241
2021-07-12,Deaths,3502
2021-07-12,Active,24795
2021-07-13,Confirmed,276106
2021-07-13,Recovered,247569
2021-07-13,Deaths,3533
2021-07-13,Active,25004
2021-07-14,Confirmed,277519
2021-07-14,Recovered,253014
2021-07-14,Deaths,3574
2021-07-14,Active,20931
2021-07-15,Confirmed,279059
2021-07-15,Recovered,253953
2021-07-15,Deaths,3611
2021-07-15,Active,21495
2021-07-16,Confirmed,280543
2021-07-16,Recovered,254871
2021-07-16,Deaths,3661
2021-07-16,Active,22011
2021-07-17,Confirmed,282060
2021-07-17,Recovered,255833
2021-07-17,Deaths,3702
2021-07-17,Active,22525
2021-07-18,Confirmed,283512
2021-07-18,Recovered,256676
2021-07-18,Deaths,3733
2021-07-18,Active,23103
2021-07-19,Confirmed,284932
2021-07-19,Recovered,261848
2021-07-19,Deaths,3779
2021-07-19,Active,19305
2021-07-20,Confirmed,286419
2021-07-20,Recovered,262828
2021-07-20,Deaths,3827
2021-07-20,Active,19764
2021-07-21,Confirmed,287973
2021-07-21,Recovered,263758
2021-07-21,Deaths,3870
2021-07-21,Active,20345
2021-07-22,Confirmed,289577
2021-07-22,Recovered,264755
2021-07-22,Deaths,3917
2021-07-22,Active,20905
2021-07-23,Confirmed,291298
2021-07-23,Recovered,265708
2021-07-23,Deaths,3959
2021-07-23,Active,21631
2021-07-24,Confirmed,293113
2021-07-24,Recovered,266665
2021-07-24,Deaths,4002
2021-07-24,Active,22446
2021-07-25,Confirmed,294850
2021-07-25,Recovered,267602
2021-07-25,Deaths,4054
2021-07-25,Active,23194
2021-07-26,Confirmed,296516
2021-07-26,Recovered,269007
2021-07-26,Deaths,4099
2021-07-26,Active,23410
2021-07-27,Confirmed,298181
2021-07-27,Recovered,270356
2021-07-27,Deaths,4147
2021-07-27,Active,23678
2021-07-28,Confirmed,299892
2021-07-28,Recovered,271855
2021-07-28,Deaths,4195
2021-07-28,Active,23842
2021-07-29,Confirmed,301832
2021-07-29,Recovered,273496
2021-07-29,Deaths,4258
2021-07-29,Active,24078
2021-07-30,Confirmed,304202
2021-07-30,Recovered,275212
2021-07-30,Deaths,4324
2021-07-30,Active,24666
2021-07-31,Confirmed,306662
2021-07-31,Recovered,277118
2021-07-31,Deaths,4380
2021-07-31,Active,25164
2021-08-01,Confirmed,308839
2021-08-01,Recovered,278910
2021-08-01,Deaths,4441
2021-08-01,Active,25488
2021-08-02,Confirmed,311349
2021-08-02,Recovered,280868
2021-08-02,Deaths,4508
2021-08-02,Active,25973
2021-08-03,Confirmed,313769
2021-08-03,Recovered,282770
2021-08-03,Deaths,4571
2021-08-03,Active,26428
2021-08-04,Confirmed,316194
2021-08-04,Recovered,284524
2021-08-04,Deaths,4645
2021-08-04,Active,27025
2021-08-05,Confirmed,318755
2021-08-05,Recovered,286365
2021-08-05,Deaths,4727
2021-08-05,Active,27663
2021-08-06,Confirmed,321429
2021-08-06,Recovered,288307
2021-08-06,Deaths,4821
2021-08-06,Active,28301
2021-08-07,Confirmed,324223
2021-08-07,Recovered,290794
2021-08-07,Deaths,4919
2021-08-07,Active,28510
2021-08-08,Confirmed,327038
2021-08-08,Recovered,293357
2021-08-08,Deaths,5017
2021-08-08,Active,28664
2021-08-09,Confirmed,329994
2021-08-09,Recovered,295518
2021-08-09,Deaths,5111
2021-08-09,Active,29365
2021-08-10,Confirmed,336170
2021-08-10,Recovered,298162
2021-08-10,Deaths,5222
2021-08-10,Active,32786
2021-08-11,Confirmed,339092
2021-08-11,Recovered,300406
2021-08-11,Deaths,5340
2021-08-11,Active,33346
2021-08-12,Confirmed,342079
2021-08-12,Recovered,302455
2021-08-12,Deaths,5464
2021-08-12,Active,34160
2021-08-13,Confirmed,345118
2021-08-13,Recovered,304628
2021-08-13,Deaths,5620
2021-08-13,Active,34870
2021-08-14,Confirmed,348270
2021-08-14,Recovered,307345
2021-08-14,Deaths,5775
2021-08-14,Active,35150
2021-08-15,Confirmed,351533
2021-08-15,Recovered,309732
2021-08-15,Deaths,5935
2021-08-15,Active,35866
2021-08-16,Confirmed,358608
2021-08-16,Recovered,312057
2021-08-16,Deaths,6096
2021-08-16,Active,40455
2021-08-17,Confirmed,362074
2021-08-17,Recovered,314340
2021-08-17,Deaths,6263
2021-08-17,Active,41471
2021-08-18,Confirmed,365683
2021-08-18,Recovered,316528
2021-08-18,Deaths,6434
2021-08-18,Active,42721
2021-08-19,Confirmed,369359
2021-08-19,Recovered,318714
2021-08-19,Deaths,6604
2021-08-19,Active,44041
2021-08-20,Confirmed,377973
2021-08-20,Recovered,320810
2021-08-20,Deaths,6790
2021-08-20,Active,50373
2021-08-21,Confirmed,381812
2021-08-21,Recovered,323390
2021-08-21,Deaths,6985
2021-08-21,Active,51437
2021-08-22,Confirmed,385696
2021-08-22,Recovered,342159
2021-08-22,Deaths,7183
2021-08-22,Active,36354
2021-08-23,Confirmed,390000
2021-08-23,Recovered,344381
2021-08-23,Deaths,7366
2021-08-23,Active,36354
2021-08-24,Confirmed,394355
2021-08-24,Recovered,346767
2021-08-24,Deaths,7560
2021-08-24,Active,40028
2021-08-25,Confirmed,403285
2021-08-25,Recovered,348930
2021-08-25,Deaths,7750
2021-08-25,Active,46605
2021-08-26,Confirmed,407768
2021-08-26,Recovered,351069
2021-08-26,Deaths,7948
2021-08-26,Active,48751
2021-08-27,Confirmed,412370
2021-08-27,Recovered,353191
2021-08-27,Deaths,8157
2021-08-27,Active,51022
2021-08-28,Confirmed,416961
2021-08-28,Recovered,355394
2021-08-28,Deaths,8371
2021-08-28,Active,53196
2021-08-29,Confirmed,421557
2021-08-29,Recovered,357598
2021-08-29,Deaths,8583
2021-08-29,Active,55376
2021-08-30,Confirmed,431519
2021-08-30,Recovered,371992
2021-08-30,Deaths,8775
2021-08-30,Active,50752
2021-08-31,Confirmed,436081
2021-08-31,Recovered,374156
2021-08-31,Deaths,8991
2021-08-31,Active,52934
2021-09-01,Confirmed,440302
2021-09-01,Recovered,376216
2021-09-01,Deaths,9185
2021-09-01,Active,54901
